timestamp,regime,regime_type
49,1,CALM_TRENDING
50,1,CALM_TRENDING
51,1,CALM_TRENDING
52,1,CALM_TRENDING
53,1,CALM_TRENDING
54,1,CALM_TRENDING
55,1,CALM_TRENDING
56,1,CALM_TRENDING
57,1,CALM_TRENDING
58,1,CALM_TRENDING
59,1,CALM_TRENDING
60,1,CALM_TRENDING
61,1,CALM_TRENDING
62,1,CALM_TRENDING
63,1,CALM_TRENDING
64,1,CALM_TRENDING
65,1,CALM_TRENDING
66,1,CALM_TRENDING
67,1,CALM_TRENDING
68,1,CALM_TRENDING
69,1,CALM_TRENDING
70,1,CALM_TRENDING
71,1,CALM_TRENDING
72,1,CALM_TRENDING
73,1,CALM_TRENDING
74,1,CALM_TRENDING
75,1,CALM_TRENDING
76,1,CALM_TRENDING
77,1,CALM_TRENDING
78,1,CALM_TRENDING
79,1,CALM_TRENDING
80,1,CALM_TRENDING
81,1,CALM_TRENDING
82,1,CALM_TRENDING
83,1,CALM_TRENDING
84,1,CALM_TRENDING
85,1,CALM_TRENDING
86,1,CALM_TRENDING
87,1,CALM_TRENDING
88,1,CALM_TRENDING
89,1,CALM_TRENDING
90,1,CALM_TRENDING
91,1,CALM_TRENDING
92,1,CALM_TRENDING
93,1,CALM_TRENDING
94,1,CALM_TRENDING
95,1,CALM_TRENDING
96,1,CALM_TRENDING
97,1,CALM_TRENDING
98,1,CALM_TRENDING
99,1,CALM_TRENDING
100,1,CALM_TRENDING
101,1,CALM_TRENDING
102,1,CALM_TRENDING
103,1,CALM_TRENDING
104,1,CALM_TRENDING
105,1,CALM_TRENDING
106,1,CALM_TRENDING
107,1,CALM_TRENDING
108,1,CALM_TRENDING
109,1,CALM_TRENDING
110,1,CALM_TRENDING
111,1,CALM_TRENDING
112,1,CALM_TRENDING
113,1,CALM_TRENDING
114,1,CALM_TRENDING
115,1,CALM_TRENDING
116,1,CALM_TRENDING
117,1,CALM_TRENDING
118,1,CALM_TRENDING
119,1,CALM_TRENDING
120,1,CALM_TRENDING
121,1,CALM_TRENDING
122,1,CALM_TRENDING
123,1,CALM_TRENDING
124,1,CALM_TRENDING
125,1,CALM_TRENDING
126,1,CALM_TRENDING
127,1,CALM_TRENDING
128,1,CALM_TRENDING
129,1,CALM_TRENDING
130,1,CALM_TRENDING
131,1,CALM_TRENDING
132,1,CALM_TRENDING
133,1,CALM_TRENDING
134,1,CALM_TRENDING
135,1,CALM_TRENDING
136,1,CALM_TRENDING
137,1,CALM_TRENDING
138,1,CALM_TRENDING
139,1,CALM_TRENDING
140,1,CALM_TRENDING
141,1,CALM_TRENDING
142,1,CALM_TRENDING
143,1,CALM_TRENDING
144,1,CALM_TRENDING
145,1,CALM_TRENDING
146,1,CALM_TRENDING
147,1,CALM_TRENDING
148,1,CALM_TRENDING
149,1,CALM_TRENDING
150,1,CALM_TRENDING
151,1,CALM_TRENDING
152,1,CALM_TRENDING
153,1,CALM_TRENDING
154,1,CALM_TRENDING
155,1,CALM_TRENDING
156,1,CALM_TRENDING
157,1,CALM_TRENDING
158,1,CALM_TRENDING
159,1,CALM_TRENDING
160,1,CALM_TRENDING
161,1,CALM_TRENDING
162,1,CALM_TRENDING
163,1,CALM_TRENDING
164,1,CALM_TRENDING
165,1,CALM_TRENDING
166,1,CALM_TRENDING
167,1,CALM_TRENDING
168,1,CALM_TRENDING
169,1,CALM_TRENDING
170,1,CALM_TRENDING
171,1,CALM_TRENDING
172,1,CALM_TRENDING
173,1,CALM_TRENDING
174,1,CALM_TRENDING
175,1,CALM_TRENDING
176,1,CALM_TRENDING
177,1,CALM_TRENDING
178,1,CALM_TRENDING
179,1,CALM_TRENDING
180,1,CALM_TRENDING
181,1,CALM_TRENDING
182,1,CALM_TRENDING
183,1,CALM_TRENDING
184,1,CALM_TRENDING
185,1,CALM_TRENDING
186,1,CALM_TRENDING
187,1,CALM_TRENDING
188,1,CALM_TRENDING
189,1,CALM_TRENDING
190,1,CALM_TRENDING
191,1,CALM_TRENDING
192,1,CALM_TRENDING
193,1,CALM_TRENDING
194,1,CALM_TRENDING
195,1,CALM_TRENDING
196,1,CALM_TRENDING
197,1,CALM_TRENDING
198,1,CALM_TRENDING
199,1,CALM_TRENDING
200,1,CALM_TRENDING
201,1,CALM_TRENDING
202,1,CALM_TRENDING
203,1,CALM_TRENDING
204,1,CALM_TRENDING
205,1,CALM_TRENDING
206,1,CALM_TRENDING
207,1,CALM_TRENDING
208,1,CALM_TRENDING
209,1,CALM_TRENDING
210,1,CALM_TRENDING
211,1,CALM_TRENDING
212,1,CALM_TRENDING
213,1,CALM_TRENDING
214,1,CALM_TRENDING
215,1,CALM_TRENDING
216,1,CALM_TRENDING
217,1,CALM_TRENDING
218,1,CALM_TRENDING
219,1,CALM_TRENDING
220,1,CALM_TRENDING
221,1,CALM_TRENDING
222,1,CALM_TRENDING
223,1,CALM_TRENDING
224,1,CALM_TRENDING
225,1,CALM_TRENDING
226,1,CALM_TRENDING
227,1,CALM_TRENDING
228,1,CALM_TRENDING
229,1,CALM_TRENDING
230,1,CALM_TRENDING
231,1,CALM_TRENDING
232,1,CALM_TRENDING
233,1,CALM_TRENDING
234,1,CALM_TRENDING
235,1,CALM_TRENDING
236,1,CALM_TRENDING
237,1,CALM_TRENDING
238,1,CALM_TRENDING
239,1,CALM_TRENDING
240,1,CALM_TRENDING
241,1,CALM_TRENDING
242,1,CALM_TRENDING
243,1,CALM_TRENDING
244,1,CALM_TRENDING
245,1,CALM_TRENDING
246,1,CALM_TRENDING
247,1,CALM_TRENDING
248,1,CALM_TRENDING
249,1,CALM_TRENDING
250,1,CALM_TRENDING
251,3,MODERATE_BULL
252,3,MODERATE_BULL
253,3,MODERATE_BULL
254,3,MODERATE_BULL
255,3,MODERATE_BULL
256,3,MODERATE_BULL
257,3,MODERATE_BULL
258,3,MODERATE_BULL
259,3,MODERATE_BULL
260,3,MODERATE_BULL
261,3,MODERATE_BULL
262,1,CALM_TRENDING
263,1,CALM_TRENDING
264,1,CALM_TRENDING
265,3,MODERATE_BULL
266,1,CALM_TRENDING
267,3,MODERATE_BULL
268,1,CALM_TRENDING
269,3,MODERATE_BULL
270,3,MODERATE_BULL
271,3,MODERATE_BULL
272,3,MODERATE_BULL
273,3,MODERATE_BULL
274,3,MODERATE_BULL
275,3,MODERATE_BULL
276,3,MODERATE_BULL
277,3,MODERATE_BULL
278,3,MODERATE_BULL
279,3,MODERATE_BULL
280,3,MODERATE_BULL
281,1,CALM_TRENDING
282,1,CALM_TRENDING
283,1,CALM_TRENDING
284,1,CALM_TRENDING
285,1,CALM_TRENDING
286,3,MODERATE_BULL
287,1,CALM_TRENDING
288,1,CALM_TRENDING
289,1,CALM_TRENDING
290,1,CALM_TRENDING
291,3,MODERATE_BULL
292,3,MODERATE_BULL
293,3,MODERATE_BULL
294,3,MODERATE_BULL
295,3,MODERATE_BULL
296,3,MODERATE_BULL
297,3,MODERATE_BULL
298,3,MODERATE_BULL
299,3,MODERATE_BULL
300,3,MODERATE_BULL
301,3,MODERATE_BULL
302,3,MODERATE_BULL
303,3,MODERATE_BULL
304,3,MODERATE_BULL
305,3,MODERATE_BULL
306,3,MODERATE_BULL
307,3,MODERATE_BULL
308,3,MODERATE_BULL
309,3,MODERATE_BULL
310,3,MODERATE_BULL
311,3,MODERATE_BULL
312,3,MODERATE_BULL
313,3,MODERATE_BULL
314,3,MODERATE_BULL
315,3,MODERATE_BULL
316,3,MODERATE_BULL
317,3,MODERATE_BULL
318,3,MODERATE_BULL
319,3,MODERATE_BULL
320,2,CALM_RANGING
321,2,CALM_RANGING
322,2,CALM_RANGING
323,2,CALM_RANGING
324,2,CALM_RANGING
325,2,CALM_RANGING
326,0,CALM_RANGING
327,0,CALM_RANGING
328,0,CALM_RANGING
329,2,CALM_RANGING
330,0,CALM_RANGING
331,0,CALM_RANGING
332,0,CALM_RANGING
333,2,CALM_RANGING
334,2,CALM_RANGING
335,2,CALM_RANGING
336,2,CALM_RANGING
337,2,CALM_RANGING
338,2,CALM_RANGING
339,2,CALM_RANGING
340,2,CALM_RANGING
341,2,CALM_RANGING
342,2,CALM_RANGING
343,2,CALM_RANGING
344,2,CALM_RANGING
345,2,CALM_RANGING
346,2,CALM_RANGING
347,2,CALM_RANGING
348,2,CALM_RANGING
349,2,CALM_RANGING
350,2,CALM_RANGING
351,2,CALM_RANGING
352,2,CALM_RANGING
353,2,CALM_RANGING
354,2,CALM_RANGING
355,2,CALM_RANGING
356,0,CALM_RANGING
357,0,CALM_RANGING
358,0,CALM_RANGING
359,0,CALM_RANGING
360,0,CALM_RANGING
361,0,CALM_RANGING
362,0,CALM_RANGING
363,2,CALM_RANGING
364,2,CALM_RANGING
365,2,CALM_RANGING
366,2,CALM_RANGING
367,2,CALM_RANGING
368,2,CALM_RANGING
369,2,CALM_RANGING
370,2,CALM_RANGING
371,2,CALM_RANGING
372,2,CALM_RANGING
373,2,CALM_RANGING
374,2,CALM_RANGING
375,2,CALM_RANGING
376,2,CALM_RANGING
377,2,CALM_RANGING
378,2,CALM_RANGING
379,2,CALM_RANGING
380,2,CALM_RANGING
381,2,CALM_RANGING
382,2,CALM_RANGING
383,2,CALM_RANGING
384,2,CALM_RANGING
385,2,CALM_RANGING
386,2,CALM_RANGING
387,2,CALM_RANGING
388,2,CALM_RANGING
389,2,CALM_RANGING
390,2,CALM_RANGING
391,2,CALM_RANGING
392,2,CALM_RANGING
393,2,CALM_RANGING
394,2,CALM_RANGING
395,0,CALM_RANGING
396,0,CALM_RANGING
397,2,CALM_RANGING
398,2,CALM_RANGING
399,2,CALM_RANGING
400,2,CALM_RANGING
401,2,CALM_RANGING
402,2,CALM_RANGING
403,2,CALM_RANGING
404,2,CALM_RANGING
405,2,CALM_RANGING
406,0,CALM_RANGING
407,0,CALM_RANGING
408,2,CALM_RANGING
409,2,CALM_RANGING
410,2,CALM_RANGING
411,0,CALM_RANGING
412,0,CALM_RANGING
413,0,CALM_RANGING
414,0,CALM_RANGING
415,0,CALM_RANGING
416,0,CALM_RANGING
417,0,CALM_RANGING
418,0,CALM_RANGING
419,0,CALM_RANGING
420,0,CALM_RANGING
421,0,CALM_RANGING
422,0,CALM_RANGING
423,0,CALM_RANGING
424,0,CALM_RANGING
425,0,CALM_RANGING
426,0,CALM_RANGING
427,0,CALM_RANGING
428,0,CALM_RANGING
429,0,CALM_RANGING
430,0,CALM_RANGING
431,0,CALM_RANGING
432,0,CALM_RANGING
433,2,CALM_RANGING
434,2,CALM_RANGING
435,2,CALM_RANGING
436,2,CALM_RANGING
437,2,CALM_RANGING
438,2,CALM_RANGING
439,2,CALM_RANGING
440,2,CALM_RANGING
441,2,CALM_RANGING
442,2,CALM_RANGING
443,2,CALM_RANGING
444,2,CALM_RANGING
445,2,CALM_RANGING
446,2,CALM_RANGING
447,2,CALM_RANGING
448,2,CALM_RANGING
449,0,CALM_RANGING
450,0,CALM_RANGING
451,0,CALM_RANGING
452,0,CALM_RANGING
453,0,CALM_RANGING
454,0,CALM_RANGING
455,0,CALM_RANGING
456,2,CALM_RANGING
457,2,CALM_RANGING
458,2,CALM_RANGING
459,2,CALM_RANGING
460,2,CALM_RANGING
461,2,CALM_RANGING
462,2,CALM_RANGING
463,2,CALM_RANGING
464,3,MODERATE_BULL
465,3,MODERATE_BULL
466,3,MODERATE_BULL
467,3,MODERATE_BULL
468,3,MODERATE_BULL
469,3,MODERATE_BULL
470,3,MODERATE_BULL
471,3,MODERATE_BULL
472,3,MODERATE_BULL
473,3,MODERATE_BULL
474,3,MODERATE_BULL
475,3,MODERATE_BULL
476,3,MODERATE_BULL
477,3,MODERATE_BULL
478,3,MODERATE_BULL
479,3,MODERATE_BULL
480,3,MODERATE_BULL
481,3,MODERATE_BULL
482,3,MODERATE_BULL
483,3,MODERATE_BULL
484,3,MODERATE_BULL
485,3,MODERATE_BULL
486,3,MODERATE_BULL
487,3,MODERATE_BULL
488,3,MODERATE_BULL
489,3,MODERATE_BULL
490,0,CALM_RANGING
491,0,CALM_RANGING
492,0,CALM_RANGING
493,0,CALM_RANGING
494,0,CALM_RANGING
495,0,CALM_RANGING
496,0,CALM_RANGING
497,0,CALM_RANGING
498,0,CALM_RANGING
499,0,CALM_RANGING
500,0,CALM_RANGING
501,0,CALM_RANGING
502,0,CALM_RANGING
503,0,CALM_RANGING
504,0,CALM_RANGING
505,0,CALM_RANGING
506,2,CALM_RANGING
507,0,CALM_RANGING
508,0,CALM_RANGING
509,2,CALM_RANGING
510,0,CALM_RANGING
511,0,CALM_RANGING
512,0,CALM_RANGING
513,0,CALM_RANGING
514,0,CALM_RANGING
515,0,CALM_RANGING
516,0,CALM_RANGING
517,0,CALM_RANGING
518,2,CALM_RANGING
519,0,CALM_RANGING
520,2,CALM_RANGING
521,2,CALM_RANGING
522,2,CALM_RANGING
523,2,CALM_RANGING
524,2,CALM_RANGING
525,2,CALM_RANGING
526,2,CALM_RANGING
527,2,CALM_RANGING
528,2,CALM_RANGING
529,2,CALM_RANGING
530,0,CALM_RANGING
531,2,CALM_RANGING
532,2,CALM_RANGING
533,2,CALM_RANGING
534,2,CALM_RANGING
535,2,CALM_RANGING
536,2,CALM_RANGING
537,2,CALM_RANGING
538,2,CALM_RANGING
539,2,CALM_RANGING
540,2,CALM_RANGING
541,2,CALM_RANGING
542,2,CALM_RANGING
543,2,CALM_RANGING
544,2,CALM_RANGING
545,2,CALM_RANGING
546,2,CALM_RANGING
547,2,CALM_RANGING
548,2,CALM_RANGING
549,0,CALM_RANGING
550,0,CALM_RANGING
551,0,CALM_RANGING
552,0,CALM_RANGING
553,0,CALM_RANGING
554,0,CALM_RANGING
555,0,CALM_RANGING
556,0,CALM_RANGING
557,0,CALM_RANGING
558,2,CALM_RANGING
559,2,CALM_RANGING
560,2,CALM_RANGING
561,0,CALM_RANGING
562,0,CALM_RANGING
563,0,CALM_RANGING
564,0,CALM_RANGING
565,0,CALM_RANGING
566,0,CALM_RANGING
567,0,CALM_RANGING
568,0,CALM_RANGING
569,0,CALM_RANGING
570,0,CALM_RANGING
571,0,CALM_RANGING
572,0,CALM_RANGING
573,0,CALM_RANGING
574,0,CALM_RANGING
575,0,CALM_RANGING
576,0,CALM_RANGING
577,0,CALM_RANGING
578,0,CALM_RANGING
579,0,CALM_RANGING
580,0,CALM_RANGING
581,0,CALM_RANGING
582,2,CALM_RANGING
583,2,CALM_RANGING
584,2,CALM_RANGING
585,3,MODERATE_BULL
586,3,MODERATE_BULL
587,3,MODERATE_BULL
588,3,MODERATE_BULL
589,3,MODERATE_BULL
590,3,MODERATE_BULL
591,2,CALM_RANGING
592,2,CALM_RANGING
593,2,CALM_RANGING
594,2,CALM_RANGING
595,0,CALM_RANGING
596,0,CALM_RANGING
597,0,CALM_RANGING
598,0,CALM_RANGING
599,0,CALM_RANGING
600,2,CALM_RANGING
601,2,CALM_RANGING
602,2,CALM_RANGING
603,0,CALM_RANGING
604,0,CALM_RANGING
605,0,CALM_RANGING
606,2,CALM_RANGING
607,2,CALM_RANGING
608,2,CALM_RANGING
609,2,CALM_RANGING
610,0,CALM_RANGING
611,0,CALM_RANGING
612,0,CALM_RANGING
613,0,CALM_RANGING
614,0,CALM_RANGING
615,0,CALM_RANGING
616,0,CALM_RANGING
617,2,CALM_RANGING
618,2,CALM_RANGING
619,2,CALM_RANGING
620,2,CALM_RANGING
621,2,CALM_RANGING
622,2,CALM_RANGING
623,2,CALM_RANGING
624,2,CALM_RANGING
625,2,CALM_RANGING
626,2,CALM_RANGING
627,2,CALM_RANGING
628,2,CALM_RANGING
629,2,CALM_RANGING
630,2,CALM_RANGING
631,2,CALM_RANGING
632,2,CALM_RANGING
633,2,CALM_RANGING
634,2,CALM_RANGING
635,2,CALM_RANGING
636,2,CALM_RANGING
637,2,CALM_RANGING
638,2,CALM_RANGING
639,2,CALM_RANGING
640,2,CALM_RANGING
641,2,CALM_RANGING
642,0,CALM_RANGING
643,0,CALM_RANGING
644,0,CALM_RANGING
645,0,CALM_RANGING
646,0,CALM_RANGING
647,0,CALM_RANGING
648,0,CALM_RANGING
649,0,CALM_RANGING
650,0,CALM_RANGING
651,2,CALM_RANGING
652,2,CALM_RANGING
653,2,CALM_RANGING
654,2,CALM_RANGING
655,2,CALM_RANGING
656,2,CALM_RANGING
657,2,CALM_RANGING
658,2,CALM_RANGING
659,2,CALM_RANGING
660,2,CALM_RANGING
661,2,CALM_RANGING
662,2,CALM_RANGING
663,2,CALM_RANGING
664,2,CALM_RANGING
665,2,CALM_RANGING
666,2,CALM_RANGING
667,2,CALM_RANGING
668,2,CALM_RANGING
669,2,CALM_RANGING
670,2,CALM_RANGING
671,2,CALM_RANGING
672,2,CALM_RANGING
673,2,CALM_RANGING
674,2,CALM_RANGING
675,2,CALM_RANGING
676,2,CALM_RANGING
677,2,CALM_RANGING
678,2,CALM_RANGING
679,2,CALM_RANGING
680,2,CALM_RANGING
681,2,CALM_RANGING
682,2,CALM_RANGING
683,2,CALM_RANGING
684,2,CALM_RANGING
685,2,CALM_RANGING
686,2,CALM_RANGING
687,2,CALM_RANGING
688,2,CALM_RANGING
689,2,CALM_RANGING
690,2,CALM_RANGING
691,2,CALM_RANGING
692,2,CALM_RANGING
693,0,CALM_RANGING
694,0,CALM_RANGING
695,0,CALM_RANGING
696,0,CALM_RANGING
697,0,CALM_RANGING
698,0,CALM_RANGING
699,0,CALM_RANGING
700,0,CALM_RANGING
701,0,CALM_RANGING
702,0,CALM_RANGING
703,0,CALM_RANGING
704,0,CALM_RANGING
705,0,CALM_RANGING
706,0,CALM_RANGING
707,0,CALM_RANGING
708,0,CALM_RANGING
709,0,CALM_RANGING
710,0,CALM_RANGING
711,0,CALM_RANGING
712,0,CALM_RANGING
713,0,CALM_RANGING
714,0,CALM_RANGING
715,0,CALM_RANGING
716,0,CALM_RANGING
717,0,CALM_RANGING
718,0,CALM_RANGING
719,0,CALM_RANGING
720,2,CALM_RANGING
721,2,CALM_RANGING
722,2,CALM_RANGING
723,2,CALM_RANGING
724,2,CALM_RANGING
725,2,CALM_RANGING
726,2,CALM_RANGING
727,2,CALM_RANGING
728,2,CALM_RANGING
729,2,CALM_RANGING
730,2,CALM_RANGING
731,2,CALM_RANGING
732,2,CALM_RANGING
733,2,CALM_RANGING
734,2,CALM_RANGING
735,2,CALM_RANGING
736,2,CALM_RANGING
737,2,CALM_RANGING
738,2,CALM_RANGING
739,2,CALM_RANGING
740,0,CALM_RANGING
741,0,CALM_RANGING
742,0,CALM_RANGING
743,2,CALM_RANGING
744,2,CALM_RANGING
745,2,CALM_RANGING
746,2,CALM_RANGING
747,0,CALM_RANGING
748,0,CALM_RANGING
749,0,CALM_RANGING
750,2,CALM_RANGING
751,2,CALM_RANGING
752,2,CALM_RANGING
753,2,CALM_RANGING
754,2,CALM_RANGING
755,2,CALM_RANGING
756,3,MODERATE_BULL
757,3,MODERATE_BULL
758,3,MODERATE_BULL
759,3,MODERATE_BULL
760,2,CALM_RANGING
761,2,CALM_RANGING
762,2,CALM_RANGING
763,2,CALM_RANGING
764,2,CALM_RANGING
765,2,CALM_RANGING
766,2,CALM_RANGING
767,2,CALM_RANGING
768,2,CALM_RANGING
769,2,CALM_RANGING
770,0,CALM_RANGING
771,2,CALM_RANGING
772,2,CALM_RANGING
773,2,CALM_RANGING
774,2,CALM_RANGING
775,2,CALM_RANGING
776,2,CALM_RANGING
777,0,CALM_RANGING
778,0,CALM_RANGING
779,0,CALM_RANGING
780,0,CALM_RANGING
781,0,CALM_RANGING
782,0,CALM_RANGING
783,0,CALM_RANGING
784,0,CALM_RANGING
785,0,CALM_RANGING
786,0,CALM_RANGING
787,0,CALM_RANGING
788,0,CALM_RANGING
789,0,CALM_RANGING
790,0,CALM_RANGING
791,0,CALM_RANGING
792,0,CALM_RANGING
793,0,CALM_RANGING
794,2,CALM_RANGING
795,2,CALM_RANGING
796,2,CALM_RANGING
797,2,CALM_RANGING
798,0,CALM_RANGING
799,0,CALM_RANGING
800,0,CALM_RANGING
801,0,CALM_RANGING
802,0,CALM_RANGING
803,0,CALM_RANGING
804,0,CALM_RANGING
805,0,CALM_RANGING
806,0,CALM_RANGING
807,0,CALM_RANGING
808,0,CALM_RANGING
809,0,CALM_RANGING
810,0,CALM_RANGING
811,0,CALM_RANGING
812,0,CALM_RANGING
813,0,CALM_RANGING
814,0,CALM_RANGING
815,2,CALM_RANGING
816,2,CALM_RANGING
817,2,CALM_RANGING
818,2,CALM_RANGING
819,2,CALM_RANGING
820,2,CALM_RANGING
821,2,CALM_RANGING
822,2,CALM_RANGING
823,2,CALM_RANGING
824,2,CALM_RANGING
825,2,CALM_RANGING
826,2,CALM_RANGING
827,0,CALM_RANGING
828,0,CALM_RANGING
829,0,CALM_RANGING
830,0,CALM_RANGING
831,0,CALM_RANGING
832,0,CALM_RANGING
833,2,CALM_RANGING
834,2,CALM_RANGING
835,2,CALM_RANGING
836,2,CALM_RANGING
837,2,CALM_RANGING
838,2,CALM_RANGING
839,2,CALM_RANGING
840,0,CALM_RANGING
841,0,CALM_RANGING
842,0,CALM_RANGING
843,0,CALM_RANGING
844,0,CALM_RANGING
845,0,CALM_RANGING
846,0,CALM_RANGING
847,0,CALM_RANGING
848,0,CALM_RANGING
849,0,CALM_RANGING
850,0,CALM_RANGING
851,0,CALM_RANGING
852,0,CALM_RANGING
853,0,CALM_RANGING
854,0,CALM_RANGING
855,0,CALM_RANGING
856,0,CALM_RANGING
857,0,CALM_RANGING
858,0,CALM_RANGING
859,0,CALM_RANGING
860,0,CALM_RANGING
861,0,CALM_RANGING
862,0,CALM_RANGING
863,0,CALM_RANGING
864,0,CALM_RANGING
865,0,CALM_RANGING
866,0,CALM_RANGING
867,2,CALM_RANGING
868,2,CALM_RANGING
869,2,CALM_RANGING
870,2,CALM_RANGING
871,2,CALM_RANGING
872,2,CALM_RANGING
873,2,CALM_RANGING
874,2,CALM_RANGING
875,0,CALM_RANGING
876,0,CALM_RANGING
877,0,CALM_RANGING
878,0,CALM_RANGING
879,0,CALM_RANGING
880,0,CALM_RANGING
881,2,CALM_RANGING
882,2,CALM_RANGING
883,2,CALM_RANGING
884,2,CALM_RANGING
885,2,CALM_RANGING
886,2,CALM_RANGING
887,2,CALM_RANGING
888,2,CALM_RANGING
889,2,CALM_RANGING
890,2,CALM_RANGING
891,2,CALM_RANGING
892,2,CALM_RANGING
893,2,CALM_RANGING
894,0,CALM_RANGING
895,2,CALM_RANGING
896,2,CALM_RANGING
897,2,CALM_RANGING
898,2,CALM_RANGING
899,2,CALM_RANGING
900,2,CALM_RANGING
901,2,CALM_RANGING
902,2,CALM_RANGING
903,2,CALM_RANGING
904,2,CALM_RANGING
905,2,CALM_RANGING
906,2,CALM_RANGING
907,2,CALM_RANGING
908,2,CALM_RANGING
909,2,CALM_RANGING
910,0,CALM_RANGING
911,0,CALM_RANGING
912,0,CALM_RANGING
913,0,CALM_RANGING
914,0,CALM_RANGING
915,0,CALM_RANGING
916,0,CALM_RANGING
917,0,CALM_RANGING
918,0,CALM_RANGING
919,0,CALM_RANGING
920,0,CALM_RANGING
921,0,CALM_RANGING
922,0,CALM_RANGING
923,0,CALM_RANGING
924,0,CALM_RANGING
925,0,CALM_RANGING
926,0,CALM_RANGING
927,0,CALM_RANGING
928,0,CALM_RANGING
929,0,CALM_RANGING
930,0,CALM_RANGING
931,0,CALM_RANGING
932,0,CALM_RANGING
933,0,CALM_RANGING
934,0,CALM_RANGING
935,0,CALM_RANGING
936,0,CALM_RANGING
937,0,CALM_RANGING
938,0,CALM_RANGING
939,0,CALM_RANGING
940,0,CALM_RANGING
941,0,CALM_RANGING
942,0,CALM_RANGING
943,0,CALM_RANGING
944,0,CALM_RANGING
945,0,CALM_RANGING
946,0,CALM_RANGING
947,0,CALM_RANGING
948,0,CALM_RANGING
949,0,CALM_RANGING
950,0,CALM_RANGING
951,0,CALM_RANGING
952,0,CALM_RANGING
953,0,CALM_RANGING
954,0,CALM_RANGING
955,0,CALM_RANGING
956,0,CALM_RANGING
957,0,CALM_RANGING
958,0,CALM_RANGING
959,0,CALM_RANGING
960,0,CALM_RANGING
961,0,CALM_RANGING
962,0,CALM_RANGING
963,0,CALM_RANGING
964,0,CALM_RANGING
965,0,CALM_RANGING
966,0,CALM_RANGING
967,0,CALM_RANGING
968,0,CALM_RANGING
969,0,CALM_RANGING
970,0,CALM_RANGING
971,0,CALM_RANGING
972,0,CALM_RANGING
973,0,CALM_RANGING
974,0,CALM_RANGING
975,0,CALM_RANGING
976,0,CALM_RANGING
977,0,CALM_RANGING
978,0,CALM_RANGING
979,0,CALM_RANGING
980,2,CALM_RANGING
981,2,CALM_RANGING
982,2,CALM_RANGING
983,2,CALM_RANGING
984,2,CALM_RANGING
985,2,CALM_RANGING
986,2,CALM_RANGING
987,2,CALM_RANGING
988,0,CALM_RANGING
989,0,CALM_RANGING
990,0,CALM_RANGING
991,0,CALM_RANGING
992,0,CALM_RANGING
993,2,CALM_RANGING
994,2,CALM_RANGING
